[{"id":"user-image-20240519013713.png","fileName":"20240519013713.png","name":"20240519013713","publicUrl":"https://assets.nicepagecdn.com/728a5f22/6130570/images/20240519013713.png","size":1800350,"hash":"1wglSU1gB4kba0Niflv56gtJZ9E=","width":1798,"height":1207,"folderId":null,"thumbnail":{"url":"https://assets.nicepagecdn.com/728a5f22/6130570/images/thumbnails/20240519013713.png","width":150,"height":101},"usages":["6130571","6130573"]},{"id":"user-image-children_price.png","fileName":"children_price.png","name":"children_price","publicUrl":"https://assets.nicepagecdn.com/728a5f22/6130570/images/children_price.png","size":39123,"hash":"lnFwk+ufryDs2Z6BcfOw5AmCyA8=","width":2461,"height":1145,"folderId":null,"thumbnail":{"url":"https://assets.nicepagecdn.com/728a5f22/6130570/images/thumbnails/children_price.png","width":150,"height":70},"usages":["6130573"]},{"id":"user-image-hotpot9.jpeg","fileName":"hotpot9.jpeg","name":"hotpot9","publicUrl":"https://assets.nicepagecdn.com/728a5f22/6130570/images/hotpot9.jpeg","size":392464,"hash":"l0+W4CiJ/5xOBLylDphdCthZTiM=","width":1600,"height":960,"folderId":null,"usages":["6315761","6130583"],"thumbnail":{"url":"https://assets.nicepagecdn.com/728a5f22/6130570/images/hotpot9.jpeg","width":1600,"height":960}},{"id":"user-image-hotpot8.jpeg","fileName":"hotpot8.jpeg","name":"hotpot8","publicUrl":"https://assets.nicepagecdn.com/728a5f22/6130570/images/hotpot8.jpeg","size":61076,"hash":"xKaVSauMvdhroXuQSFC24TVQUfA=","width":640,"height":427,"folderId":null,"usages":["6315761","6130583"],"thumbnail":{"url":"https://assets.nicepagecdn.com/728a5f22/6130570/images/hotpot8.jpeg","width":640,"height":427}},{"id":"user-image-hotpot7.jpeg","fileName":"hotpot7.jpeg","name":"hotpot7","publicUrl":"https://assets.nicepagecdn.com/728a5f22/6130570/images/hotpot7.jpeg","size":46864,"hash":"5RqnltOEPrzYilJuvzvL3FgnkSI=","width":560,"height":314,"folderId":null,"usages":["6315761","6130583"],"thumbnail":{"url":"https://assets.nicepagecdn.com/728a5f22/6130570/images/hotpot7.jpeg","width":560,"height":314}},{"id":"user-image-hotpot6.jpeg","fileName":"hotpot6.jpeg","name":"hotpot6","publicUrl":"https://assets.nicepagecdn.com/728a5f22/6130570/images/hotpot6.jpeg","size":282547,"hash":"j7wdkZ6jRBEH5od28AAGz5+Bka0=","width":1313,"height":858,"folderId":null,"usages":["6315761","6130583"],"thumbnail":{"url":"https://assets.nicepagecdn.com/728a5f22/6130570/images/hotpot6.jpeg","width":1313,"height":858}},{"id":"user-image-hotpot5.jpeg","fileName":"hotpot5.jpeg","name":"hotpot5","publicUrl":"https://assets.nicepagecdn.com/728a5f22/6130570/images/hotpot5.jpeg","size":224196,"hash":"Zs32xoKUokN1w1W9G3h+bMqs19Q=","width":1200,"height":900,"folderId":null,"usages":["6315761","6130583"],"thumbnail":{"url":"https://assets.nicepagecdn.com/728a5f22/6130570/images/hotpot5.jpeg","width":1200,"height":900}},{"id":"user-image-hotpot4.jpeg","fileName":"hotpot4.jpeg","name":"hotpot4","publicUrl":"https://assets.nicepagecdn.com/728a5f22/6130570/images/hotpot4.jpeg","size":59294,"hash":"RwEcF41EBmKs1fzBuTqqpL7HCgk=","width":640,"height":480,"folderId":null,"usages":["6315761","6130583"],"thumbnail":{"url":"https://assets.nicepagecdn.com/728a5f22/6130570/images/hotpot4.jpeg","width":640,"height":480}},{"id":"user-image-hotpot3.jpeg","fileName":"hotpot3.jpeg","name":"hotpot3","publicUrl":"https://assets.nicepagecdn.com/728a5f22/6130570/images/hotpot3.jpeg","size":639430,"hash":"sThNdnETvVvmwBd00gTj41YNeBA=","width":2560,"height":1706,"folderId":null,"usages":["6315761","6130583"],"thumbnail":{"url":"https://assets.nicepagecdn.com/728a5f22/6130570/images/hotpot3.jpeg","width":2560,"height":1706}},{"id":"user-image-hotpot2.jpeg","fileName":"hotpot2.jpeg","name":"hotpot2","publicUrl":"https://assets.nicepagecdn.com/728a5f22/6130570/images/hotpot2.jpeg","size":137715,"hash":"/7qP8nS+SdPBc828wnoOIDd+Q5E=","width":599,"height":599,"folderId":null,"usages":["6315761","6130583"],"thumbnail":{"url":"https://assets.nicepagecdn.com/728a5f22/6130570/images/hotpot2.jpeg","width":599,"height":599}},{"id":"user-image-hotpot1.jpeg","fileName":"hotpot1.jpeg","name":"hotpot1","publicUrl":"https://assets.nicepagecdn.com/728a5f22/6130570/images/hotpot1.jpeg","size":456549,"hash":"paplYk9CNEi6JBvC2yH/HjjEJEQ=","width":1280,"height":960,"folderId":null,"usages":["6315761","6130583"],"thumbnail":{"url":"https://assets.nicepagecdn.com/728a5f22/6130570/images/hotpot1.jpeg","width":1280,"height":960}},{"id":"user-image-price_hotpot5.png","fileName":"price_hotpot5.png","name":"price_hotpot5","publicUrl":"https://assets.nicepagecdn.com/728a5f22/6130570/images/price_hotpot5.png","size":48805,"hash":"CYxOlGFer2VQY6j81d393tjYoiY=","width":2852,"height":1716,"folderId":null,"usages":["6315761","6130583"],"thumbnail":{"url":"https://assets.nicepagecdn.com/728a5f22/6130570/images/price_hotpot5.png","width":2852,"height":1716}},{"id":"user-image-20231228003225.jpg","fileName":"20231228003225.jpg","name":"20231228003225","publicUrl":"https://assets.nicepagecdn.com/728a5f22/6130570/images/20231228003225.jpg","size":194981,"hash":"vkTYUkbMOhKvtEq86eWJJG9mWqc=","width":1920,"height":1280,"folderId":null,"usages":["6128129","29338688","6130571","6130573"],"thumbnail":{"url":"https://assets.nicepagecdn.com/728a5f22/6130570/images/20231228003225.jpg","width":1920,"height":1280}},{"id":"user-image-20231228003210.jpg","fileName":"20231228003210.jpg","name":"20231228003210","publicUrl":"https://assets.nicepagecdn.com/728a5f22/6130570/images/20231228003210.jpg","size":216174,"hash":"31jqXR9ENZ5I2ScF6ZhQiW2L/L4=","width":1920,"height":1280,"folderId":null,"usages":["6128129","29338688","6130571","6130573"],"thumbnail":{"url":"https://assets.nicepagecdn.com/728a5f22/6130570/images/20231228003210.jpg","width":1920,"height":1280}},{"id":"user-image-20231228003202.jpg","fileName":"20231228003202.jpg","name":"20231228003202","publicUrl":"https://assets.nicepagecdn.com/728a5f22/6130570/images/20231228003202.jpg","size":244222,"hash":"xTZO0Z9Ma2F83YiFL0iQy4mjF4U=","width":1920,"height":1280,"folderId":null,"usages":["6128129","29338688","6130571","6130573"],"thumbnail":{"url":"https://assets.nicepagecdn.com/728a5f22/6130570/images/20231228003202.jpg","width":1920,"height":1280}},{"id":"user-image-20231228003156.jpg","fileName":"20231228003156.jpg","name":"20231228003156","publicUrl":"https://assets.nicepagecdn.com/728a5f22/6130570/images/20231228003156.jpg","size":210351,"hash":"z626oZCSmRQ6fIeF3WZM1JZ70C0=","width":1920,"height":1280,"folderId":null,"usages":["6128129","29338688","6130571","6130573"],"thumbnail":{"url":"https://assets.nicepagecdn.com/728a5f22/6130570/images/20231228003156.jpg","width":1920,"height":1280}},{"id":"user-image-20231228003137.jpg","fileName":"20231228003137.jpg","name":"20231228003137","publicUrl":"https://assets.nicepagecdn.com/728a5f22/6130570/images/20231228003137.jpg","size":152400,"hash":"6ZCeWZQDDpmnMW4Q8KJDL5YRzlE=","width":1920,"height":1280,"folderId":null,"usages":["6128129","29338688","6130571","6130573"],"thumbnail":{"url":"https://assets.nicepagecdn.com/728a5f22/6130570/images/20231228003137.jpg","width":1920,"height":1280}},{"id":"user-image-20231228003121.jpg","fileName":"20231228003121.jpg","name":"20231228003121","publicUrl":"https://assets.nicepagecdn.com/728a5f22/6130570/images/20231228003121.jpg","size":264812,"hash":"lgvZVdIvgN/xtMyDqVoPz3avtgY=","width":1920,"height":1280,"folderId":null,"usages":["6128129","29338688","6130571","6130573"],"thumbnail":{"url":"https://assets.nicepagecdn.com/728a5f22/6130570/images/20231228003121.jpg","width":1920,"height":1280}},{"id":"user-image-20231228003054.jpg","fileName":"20231228003054.jpg","name":"20231228003054","publicUrl":"https://assets.nicepagecdn.com/728a5f22/6130570/images/20231228003054.jpg","size":257957,"hash":"4ulU7phUrVC4MZv2BGMYIDa8LhE=","width":1920,"height":1280,"folderId":null,"usages":["6128129","29338688","6130571","6130573"],"thumbnail":{"url":"https://assets.nicepagecdn.com/728a5f22/6130570/images/20231228003054.jpg","width":1920,"height":1280}},{"id":"user-image-20231228003040.jpg","fileName":"20231228003040.jpg","name":"20231228003040","publicUrl":"https://assets.nicepagecdn.com/728a5f22/6130570/images/20231228003040.jpg","size":223096,"hash":"aPmg8GkqVF9eeXH4DUh/U7B/JC0=","width":1920,"height":1280,"folderId":null,"usages":["6128129","29338688","6130571","6130573"],"thumbnail":{"url":"https://assets.nicepagecdn.com/728a5f22/6130570/images/20231228003040.jpg","width":1920,"height":1280}},{"id":"user-image-20231228003032.jpg","fileName":"20231228003032.jpg","name":"20231228003032","publicUrl":"https://assets.nicepagecdn.com/728a5f22/6130570/images/20231228003032.jpg","size":248036,"hash":"BDOL0FIp2yk6RcUx5J80Di8Sw48=","width":1920,"height":1280,"folderId":null,"usages":["6128129","29338688","6130571","6130573"],"thumbnail":{"url":"https://assets.nicepagecdn.com/728a5f22/6130570/images/20231228003032.jpg","width":1920,"height":1280}},{"id":"user-image-202312272336272.jpg","fileName":"202312272336272.jpg","name":"202312272336272","publicUrl":"https://assets.nicepagecdn.com/728a5f22/6130570/images/202312272336272.jpg","size":174945,"hash":"mNcvLJW7jQcYN/6fKwEJjQS81sk=","width":1920,"height":1280,"folderId":null,"usages":["6128129","29338688","6130571","6130573"],"thumbnail":{"url":"https://assets.nicepagecdn.com/728a5f22/6130570/images/202312272336272.jpg","width":1920,"height":1280}},{"id":"user-image-202312272338132.jpg","fileName":"202312272338132.jpg","name":"202312272338132","publicUrl":"https://assets.nicepagecdn.com/728a5f22/6130570/images/202312272338132.jpg","size":654226,"hash":"9NPWs3ADT4my2VD8YcOiGaq0z1A=","width":1920,"height":1021,"folderId":null,"usages":["6128129","29338688","6315761","6130583","6130571","6130573"],"thumbnail":{"url":"https://assets.nicepagecdn.com/728a5f22/6130570/images/202312272338132.jpg","width":1920,"height":1021}},{"id":"user-image-146c268a-d128-11ec-aa55-3e932701261e_friedchickenwithrice_konnichiwatikkurila.jpg","publicUrl":"https://assets.nicepagecdn.com/728a5f22/6130570/images/146c268a-d128-11ec-aa55-3e932701261e_friedchickenwithrice_konnichiwatikkurila.jpg","size":126452,"hash":"wKoHc2nSdDmabbHhOJDAMuMEogc=","fileName":"146c268a-d128-11ec-aa55-3e932701261e_friedchickenwithrice_konnichiwatikkurila.jpg","name":"146c268a-d128-11ec-aa55-3e932701261e_friedchickenwithrice_konnichiwatikkurila","width":1200,"height":675,"folderId":null,"usages":["415230967","6128129","6130571"],"thumbnail":{"url":"https://assets.nicepagecdn.com/728a5f22/6130570/images/146c268a-d128-11ec-aa55-3e932701261e_friedchickenwithrice_konnichiwatikkurila.jpg","width":1200,"height":675}},{"id":"user-image-91de363a-d128-11ec-9f1f-f60cbb4e0cc2_konnichiwapartysushia200kpl_konnichiwatikkurila.jpg","publicUrl":"https://assets.nicepagecdn.com/728a5f22/6130570/images/91de363a-d128-11ec-9f1f-f60cbb4e0cc2_konnichiwapartysushia200kpl_konnichiwatikkurila.jpg","size":199831,"hash":"vNOo6lTRUI77Lmvnl+tAo8Mexrg=","fileName":"91de363a-d128-11ec-9f1f-f60cbb4e0cc2_konnichiwapartysushia200kpl_konnichiwatikkurila.jpg","name":"91de363a-d128-11ec-9f1f-f60cbb4e0cc2_konnichiwapartysushia200kpl_konnichiwatikkurila","width":1200,"height":675,"folderId":null,"usages":["415230967","6128129","6130571"],"thumbnail":{"url":"https://assets.nicepagecdn.com/728a5f22/6130570/images/91de363a-d128-11ec-9f1f-f60cbb4e0cc2_konnichiwapartysushia200kpl_konnichiwatikkurila.jpg","width":1200,"height":675}},{"id":"user-image-wolt1.png","publicUrl":"https://assets.nicepagecdn.com/728a5f22/6130570/images/wolt1.png","size":35078,"hash":"ygBiLzm3SJu4apDz3oRgdSl3EMk=","fileName":"wolt1.png","name":"wolt1","width":722,"height":720,"folderId":null,"usages":[],"thumbnail":{"url":"https://assets.nicepagecdn.com/728a5f22/6130570/images/wolt1.png","width":722,"height":720}},{"id":"user-image-20200810073348-f0ec6406d39c81de7680277c095b915e.jpg","publicUrl":"https://assets.nicepagecdn.com/728a5f22/6130570/images/20200810073348-f0ec6406d39c81de7680277c095b915e.jpg","size":20594,"hash":"hVDRa56J1zpylWNfK8oCWNnMd8Y=","fileName":"20200810073348-f0ec6406d39c81de7680277c095b915e.jpg","name":"20200810073348-f0ec6406d39c81de7680277c095b915e","width":300,"height":300,"folderId":null,"usages":[],"thumbnail":{"url":"https://assets.nicepagecdn.com/728a5f22/6130570/images/20200810073348-f0ec6406d39c81de7680277c095b915e.jpg","width":300,"height":300}},{"id":"user-image-20231229185237.jpg","publicUrl":"https://assets.nicepagecdn.com/728a5f22/6130570/images/20231229185237.jpg","size":374074,"hash":"7KZ/cA1D5hAPXFkjOa+/ZI3HS40=","fileName":"20231229185237.jpg","name":"20231229185237","width":1702,"height":1276,"folderId":null,"usages":["415230967","6128129","29338688","6315761","6130583","6130571","6130573"],"thumbnail":{"url":"https://assets.nicepagecdn.com/728a5f22/6130570/images/20231229185237.jpg","width":1702,"height":1276}},{"id":"user-image-price_hotpot4.png","publicUrl":"https://assets.nicepagecdn.com/728a5f22/6130570/images/price_hotpot4.png","size":155005,"hash":"Y1gp7Fb56WGyUb0tDPAWTQYIOSo=","fileName":"price_hotpot4.png","name":"price_hotpot4","width":4630,"height":3190,"folderId":null,"usages":["415230967"],"thumbnail":{"url":"https://assets.nicepagecdn.com/728a5f22/6130570/images/price_hotpot4.png","width":4630,"height":3190}},{"id":"user-image-material_hotpot1.png","publicUrl":"https://assets.nicepagecdn.com/728a5f22/6130570/images/material_hotpot1.png","size":134058,"hash":"d+OK3AK/c9cNjT4o/gpqXZSQEtQ=","fileName":"material_hotpot1.png","name":"material_hotpot1","width":3905,"height":2449,"folderId":null,"usages":["415230967"],"thumbnail":{"url":"https://assets.nicepagecdn.com/728a5f22/6130570/images/material_hotpot1.png","width":3905,"height":2449}},{"id":"user-image-price_buffet.png","publicUrl":"https://assets.nicepagecdn.com/728a5f22/6130570/images/price_buffet.png","size":89082,"hash":"yC3Fh2v0DxZM/gueOxFz/RoEnbk=","fileName":"price_buffet.png","name":"price_buffet","width":3641,"height":2410,"folderId":null,"usages":["415230967","29338688","6130573"],"thumbnail":{"url":"https://assets.nicepagecdn.com/728a5f22/6130570/images/price_buffet.png","width":3641,"height":2410}},{"id":"user-image-202312272336271.jpg","publicUrl":"https://assets.nicepagecdn.com/728a5f22/6130570/images/202312272336271.jpg","size":1103048,"hash":"TDDK1v5PnmoGhkFQecTWWTbgaZA=","fileName":"202312272336271.jpg","name":"202312272336271","width":6000,"height":4000,"folderId":null,"usages":["415230967"],"thumbnail":{"url":"https://assets.nicepagecdn.com/728a5f22/6130570/images/202312272336271.jpg","width":6000,"height":4000}},{"id":"user-image-20231228003053.jpg","publicUrl":"https://assets.nicepagecdn.com/728a5f22/6130570/images/20231228003053.jpg","size":2568719,"hash":"6W11jnWKuL++Y7RFGOzUKQb2hl4=","fileName":"20231228003053.jpg","name":"20231228003053","width":6000,"height":4000,"folderId":null,"usages":["415230967"],"thumbnail":{"url":"https://assets.nicepagecdn.com/728a5f22/6130570/images/20231228003053.jpg","width":6000,"height":4000}},{"id":"user-image-20231228003120.jpg","publicUrl":"https://assets.nicepagecdn.com/728a5f22/6130570/images/20231228003120.jpg","size":2440357,"hash":"svKLb9SP+As9+E+yZ91lL7Pr9co=","fileName":"20231228003120.jpg","name":"20231228003120","width":6000,"height":4000,"folderId":null,"usages":["415230967"],"thumbnail":{"url":"https://assets.nicepagecdn.com/728a5f22/6130570/images/20231228003120.jpg","width":6000,"height":4000}},{"id":"user-image-20231228003039.jpg","publicUrl":"https://assets.nicepagecdn.com/728a5f22/6130570/images/20231228003039.jpg","size":2084070,"hash":"uBIxA5UP0Jp7d8GbAsB+dCqWO5M=","fileName":"20231228003039.jpg","name":"20231228003039","width":6000,"height":4000,"folderId":null,"usages":["415230967"],"thumbnail":{"url":"https://assets.nicepagecdn.com/728a5f22/6130570/images/20231228003039.jpg","width":6000,"height":4000}},{"id":"user-image-20231228003201.jpg","publicUrl":"https://assets.nicepagecdn.com/728a5f22/6130570/images/20231228003201.jpg","size":1541425,"hash":"2fMpCJzNXRzav9wB1fDV4dvEI/4=","fileName":"20231228003201.jpg","name":"20231228003201","width":6000,"height":4000,"folderId":null,"usages":["415230967"],"thumbnail":{"url":"https://assets.nicepagecdn.com/728a5f22/6130570/images/20231228003201.jpg","width":6000,"height":4000}},{"id":"user-image-20231228003136.jpg","publicUrl":"https://assets.nicepagecdn.com/728a5f22/6130570/images/20231228003136.jpg","size":1045679,"hash":"6wkR8t4IxwlAPC0SGxZlTm7dFrE=","fileName":"20231228003136.jpg","name":"20231228003136","width":6000,"height":4000,"folderId":null,"usages":["415230967"],"thumbnail":{"url":"https://assets.nicepagecdn.com/728a5f22/6130570/images/20231228003136.jpg","width":6000,"height":4000}},{"id":"user-image-20231228003209.jpg","publicUrl":"https://assets.nicepagecdn.com/728a5f22/6130570/images/20231228003209.jpg","size":1452961,"hash":"cRzXna3Ync5g8k1V+v8bhmT5keo=","fileName":"20231228003209.jpg","name":"20231228003209","width":6000,"height":4000,"folderId":null,"usages":["415230967"],"thumbnail":{"url":"https://assets.nicepagecdn.com/728a5f22/6130570/images/20231228003209.jpg","width":6000,"height":4000}},{"id":"user-image-20231228003224.jpg","publicUrl":"https://assets.nicepagecdn.com/728a5f22/6130570/images/20231228003224.jpg","size":1448017,"hash":"cs1z9p1uJgAQleFK++b9zlz81eo=","fileName":"20231228003224.jpg","name":"20231228003224","width":6000,"height":4000,"folderId":null,"usages":["415230967"],"thumbnail":{"url":"https://assets.nicepagecdn.com/728a5f22/6130570/images/20231228003224.jpg","width":6000,"height":4000}},{"id":"user-image-20231228003155.jpg","publicUrl":"https://assets.nicepagecdn.com/728a5f22/6130570/images/20231228003155.jpg","size":1409240,"hash":"wJ6yzhcdqzQzCOWzgqo6DP9vC2Y=","fileName":"20231228003155.jpg","name":"20231228003155","width":6000,"height":4000,"folderId":null,"usages":["415230967"],"thumbnail":{"url":"https://assets.nicepagecdn.com/728a5f22/6130570/images/20231228003155.jpg","width":6000,"height":4000}},{"id":"user-image-20231228003031.jpg","publicUrl":"https://assets.nicepagecdn.com/728a5f22/6130570/images/20231228003031.jpg","size":1451753,"hash":"3WCkoHUOh2+ZNkDx5nlGbAMq80g=","fileName":"20231228003031.jpg","name":"20231228003031","width":6000,"height":4000,"folderId":null,"usages":["415230967"],"thumbnail":{"url":"https://assets.nicepagecdn.com/728a5f22/6130570/images/20231228003031.jpg","width":6000,"height":4000}},{"id":"user-image-20231228000208.jpg","publicUrl":"https://assets.nicepagecdn.com/728a5f22/6130570/images/20231228000208.jpg","size":248117,"hash":"2iX8Ho/DmcHRtNc9e6365lMXHXM=","fileName":"20231228000208.jpg","name":"20231228000208","width":1953,"height":1123,"folderId":null,"usages":["415230967","6128129","29338688","6130571","6130573"],"thumbnail":{"url":"https://assets.nicepagecdn.com/728a5f22/6130570/images/20231228000208.jpg","width":1953,"height":1123}},{"id":"user-image-384392161_314516727835552_4794072653553059070_n.jpg","publicUrl":"https://assets.nicepagecdn.com/728a5f22/6130570/images/384392161_314516727835552_4794072653553059070_n.jpg","size":255147,"hash":"D+j5KQg+d3qsbWogMWHJf7Yus60=","fileName":"384392161_314516727835552_4794072653553059070_n.jpg","name":"384392161_314516727835552_4794072653553059070_n","width":1920,"height":1080,"folderId":null,"usages":["415230967","6128129","6130571"],"thumbnail":{"url":"https://assets.nicepagecdn.com/728a5f22/6130570/images/384392161_314516727835552_4794072653553059070_n.jpg","width":1920,"height":1080}},{"id":"user-image-202312272338131.jpg","publicUrl":"https://assets.nicepagecdn.com/728a5f22/6130570/images/202312272338131.jpg","size":3586313,"hash":"OTAu+tDrzAM0pxp+sz/fdb1GK90=","fileName":"202312272338131.jpg","name":"202312272338131","width":6000,"height":3191,"folderId":null,"usages":["415230967"],"thumbnail":{"url":"https://assets.nicepagecdn.com/728a5f22/6130570/images/202312272338131.jpg","width":6000,"height":3191}},{"id":"user-image-DALLE2023-12-2600.53.20-Createanultra-realisticimageofahotpotmealwithayin-yangstylepotsplitbetweenaclearandaspicybroth.Inthepotarrangeasymphony.png","publicUrl":"https://assets.nicepagecdn.com/728a5f22/6130570/images/DALLE2023-12-2600.53.20-Createanultra-realisticimageofahotpotmealwithayin-yangstylepotsplitbetweenaclearandaspicybroth.Inthepotarrangeasymphony.png","size":2020884,"hash":"AApHYgwVJE5U1Q9ghmonWm1ZN10=","fileName":"DALLE2023-12-2600.53.20-Createanultra-realisticimageofahotpotmealwithayin-yangstylepotsplitbetweenaclearandaspicybroth.Inthepotarrangeasymphony.png","name":"DALLE2023-12-2600.53.20-Createanultra-realisticimageofahotpotmealwithayin-yangstylepotsplitbetweenaclearandaspicybroth.Inthepotarrangeasymphony","width":1024,"height":1024,"folderId":null,"usages":["415230967","6128129"],"thumbnail":{"url":"https://assets.nicepagecdn.com/728a5f22/6130570/images/DALLE2023-12-2600.53.20-Createanultra-realisticimageofahotpotmealwithayin-yangstylepotsplitbetweenaclearandaspicybroth.Inthepotarrangeasymphony.png","width":1024,"height":1024}},{"id":"user-image-default-image.jpg","fileName":"default-image.jpg","name":"default-image","publicUrl":"https://assets.nicepagecdn.com/728a5f22/6130570/images/default-image.jpg","size":60031,"hash":"vEnMv3oBYu6k0eRAssJrwN15Tv4=","width":2000,"height":1333,"folderId":null,"thumbnail":{"url":"https://assets.nicepagecdn.com/728a5f22/6130570/images/default-image.jpg","width":2000,"height":1333},"usages":[]}]