[{"id":6130571,"title":"HouWei","order":0,"templateKey":null,"customTemplate":false,"customTemplateFilename":null,"pageLinks":[],"dateCreated":"2024-01-05T11:55:15.267","dateUpdated":"2024-11-26T13:00:07.159Z","folderId":null,"pageName":"HouWei_6130571","sectionCount":6,"status":2},{"id":6130573,"title":"Sushi","order":0,"templateKey":null,"customTemplate":false,"customTemplateFilename":null,"pageLinks":[],"dateCreated":"2024-01-05T11:55:15.797","dateUpdated":"2024-05-18T22:39:49.207Z","folderId":null,"pageName":"Sushi_6130573","sectionCount":5,"status":2},{"id":6130583,"title":"Hotpot","order":0,"templateKey":null,"customTemplate":false,"customTemplateFilename":null,"pageLinks":[],"dateCreated":"2024-01-05T11:55:18.25","dateUpdated":"2024-01-05T12:09:56.896Z","folderId":null,"pageName":"Hotpot_6130583","sectionCount":5,"status":2},{"id":6130572,"title":"Blog Template","order":1,"templateKey":"blog","customTemplate":false,"customTemplateFilename":null,"pageLinks":[""],"dateCreated":"2024-01-05T11:55:15.5","dateUpdated":"2024-01-05T11:55:15.703","folderId":null,"pageName":null,"sectionCount":0,"status":2},{"id":6130574,"title":"Post Template","order":2,"templateKey":"post","customTemplate":false,"customTemplateFilename":null,"pageLinks":[""],"dateCreated":"2024-01-05T11:55:16.03","dateUpdated":"2024-01-05T11:55:16.233","folderId":null,"pageName":null,"sectionCount":0,"status":2},{"id":6130575,"title":"Product List Template","order":3,"templateKey":"products","customTemplate":false,"customTemplateFilename":null,"pageLinks":[""],"dateCreated":"2024-01-05T11:55:16.313","dateUpdated":"2024-01-05T11:55:16.517","folderId":null,"pageName":null,"sectionCount":0,"status":2},{"id":6130576,"title":"Product Details Template","order":4,"templateKey":"product","customTemplate":false,"customTemplateFilename":null,"pageLinks":[""],"dateCreated":"2024-01-05T11:55:16.577","dateUpdated":"2024-01-05T11:55:16.733","folderId":null,"pageName":null,"sectionCount":0,"status":2},{"id":6130577,"title":"Shopping Cart Template","order":5,"templateKey":"cart","customTemplate":false,"customTemplateFilename":null,"pageLinks":[""],"dateCreated":"2024-01-05T11:55:16.813","dateUpdated":"2024-01-05T11:55:16.953","folderId":null,"pageName":null,"sectionCount":0,"status":2},{"id":6130578,"title":"Checkout Template","order":6,"templateKey":"checkout","customTemplate":false,"customTemplateFilename":null,"pageLinks":[""],"dateCreated":"2024-01-05T11:55:17.033","dateUpdated":"2024-01-05T11:55:17.187","folderId":null,"pageName":null,"sectionCount":0,"status":2},{"id":6130579,"title":"Login Template","order":7,"templateKey":"login","customTemplate":false,"customTemplateFilename":null,"pageLinks":[""],"dateCreated":"2024-01-05T11:55:17.25","dateUpdated":"2024-01-05T11:55:17.42","folderId":null,"pageName":null,"sectionCount":0,"status":2},{"id":22965879,"title":"Search Template","order":8,"templateKey":"Search","customTemplate":false,"customTemplateFilename":null,"pageLinks":[],"dateCreated":"2024-11-26T12:57:09.787Z","dateUpdated":"2024-11-26T12:57:09.846Z","folderId":null,"pageName":"Search Template","sectionCount":1,"status":2},{"id":6130580,"title":"Password Template","order":9,"templateKey":"password","customTemplate":false,"customTemplateFilename":null,"pageLinks":[""],"dateCreated":"2024-01-05T11:55:17.5","dateUpdated":"2024-01-05T11:55:17.67","folderId":null,"pageName":null,"sectionCount":0,"status":2},{"id":6130581,"title":"404 Not Found Template","order":10,"templateKey":"404","customTemplate":false,"customTemplateFilename":null,"pageLinks":[""],"dateCreated":"2024-01-05T11:55:17.767","dateUpdated":"2024-01-05T11:55:17.92","folderId":null,"pageName":null,"sectionCount":0,"status":2},{"id":6130582,"title":"Thank You Template","order":11,"templateKey":"ThankYou","customTemplate":false,"customTemplateFilename":null,"pageLinks":[""],"dateCreated":"2024-01-05T11:55:17.983","dateUpdated":"2024-01-05T11:55:18.157","folderId":null,"pageName":null,"sectionCount":0,"status":2}]