[{"id":"user-file-houwei.hinta.pdf","fileName":"houwei.hinta.pdf","name":"houwei.hinta","publicUrl":"https://assets.nicepagecdn.com/728a5f22/6130570/files/houwei.hinta.pdf","size":485298},{"id":"user-file-hotpot.pdf","fileName":"hotpot.pdf","name":"hotpot","publicUrl":"https://assets.nicepagecdn.com/728a5f22/6130570/files/hotpot.pdf","size":4378936},{"id":"user-file-ALACARTE.pdf","fileName":"ALACARTE.pdf","name":"ALACARTE","publicUrl":"https://assets.nicepagecdn.com/728a5f22/6130570/files/ALACARTE.pdf","size":1919118},{"id":"user-file-ALACARTE-1.pdf","fileName":"ALACARTE-1.pdf","name":"ALACARTE-1","publicUrl":"https://assets.nicepagecdn.com/728a5f22/6130570/files/ALACARTE-1.pdf","size":1835775}]