[{"id":6130571,"title":"HouWei","order":0,"templateKey":null,"customTemplate":false,"customTemplateFilename":null,"pageLinks":[],"dateCreated":"2024-01-05T11:55:15.267","dateUpdated":"2024-03-03T22:02:17.180Z","folderId":null,"pageName":"HouWei_6130571","sectionCount":6,"status":2},{"id":6130572,"title":"Blog Template","order":0,"templateKey":"blog","customTemplate":false,"customTemplateFilename":null,"pageLinks":[""],"dateCreated":"2024-01-05T11:55:15.5","dateUpdated":"2024-01-05T11:55:15.703","folderId":null,"pageName":null,"sectionCount":0,"status":2},{"id":6130573,"title":"Sushi","order":0,"templateKey":null,"customTemplate":false,"customTemplateFilename":null,"pageLinks":[""],"dateCreated":"2024-01-05T11:55:15.797","dateUpdated":"2024-01-05T11:55:15.967","folderId":null,"pageName":null,"sectionCount":0,"status":2},{"id":6130574,"title":"Post Template","order":0,"templateKey":"post","customTemplate":false,"customTemplateFilename":null,"pageLinks":[""],"dateCreated":"2024-01-05T11:55:16.03","dateUpdated":"2024-01-05T11:55:16.233","folderId":null,"pageName":null,"sectionCount":0,"status":2},{"id":6130575,"title":"Product List Template","order":0,"templateKey":"products","customTemplate":false,"customTemplateFilename":null,"pageLinks":[""],"dateCreated":"2024-01-05T11:55:16.313","dateUpdated":"2024-01-05T11:55:16.517","folderId":null,"pageName":null,"sectionCount":0,"status":2},{"id":6130576,"title":"Product Details Template","order":0,"templateKey":"product","customTemplate":false,"customTemplateFilename":null,"pageLinks":[""],"dateCreated":"2024-01-05T11:55:16.577","dateUpdated":"2024-01-05T11:55:16.733","folderId":null,"pageName":null,"sectionCount":0,"status":2},{"id":6130577,"title":"Shopping Cart Template","order":0,"templateKey":"cart","customTemplate":false,"customTemplateFilename":null,"pageLinks":[""],"dateCreated":"2024-01-05T11:55:16.813","dateUpdated":"2024-01-05T11:55:16.953","folderId":null,"pageName":null,"sectionCount":0,"status":2},{"id":6130578,"title":"Checkout Template","order":0,"templateKey":"checkout","customTemplate":false,"customTemplateFilename":null,"pageLinks":[""],"dateCreated":"2024-01-05T11:55:17.033","dateUpdated":"2024-01-05T11:55:17.187","folderId":null,"pageName":null,"sectionCount":0,"status":2},{"id":6130579,"title":"Login Template","order":0,"templateKey":"login","customTemplate":false,"customTemplateFilename":null,"pageLinks":[""],"dateCreated":"2024-01-05T11:55:17.25","dateUpdated":"2024-01-05T11:55:17.42","folderId":null,"pageName":null,"sectionCount":0,"status":2},{"id":6130580,"title":"Password Template","order":0,"templateKey":"password","customTemplate":false,"customTemplateFilename":null,"pageLinks":[""],"dateCreated":"2024-01-05T11:55:17.5","dateUpdated":"2024-01-05T11:55:17.67","folderId":null,"pageName":null,"sectionCount":0,"status":2},{"id":6130581,"title":"404 Not Found Template","order":0,"templateKey":"404","customTemplate":false,"customTemplateFilename":null,"pageLinks":[""],"dateCreated":"2024-01-05T11:55:17.767","dateUpdated":"2024-01-05T11:55:17.92","folderId":null,"pageName":null,"sectionCount":0,"status":2},{"id":6130582,"title":"Thank You Template","order":0,"templateKey":"ThankYou","customTemplate":false,"customTemplateFilename":null,"pageLinks":[""],"dateCreated":"2024-01-05T11:55:17.983","dateUpdated":"2024-01-05T11:55:18.157","folderId":null,"pageName":null,"sectionCount":0,"status":2},{"id":6130583,"title":"Hotpot","order":0,"templateKey":null,"customTemplate":false,"customTemplateFilename":null,"pageLinks":[],"dateCreated":"2024-01-05T11:55:18.25","dateUpdated":"2024-01-05T12:09:56.896Z","folderId":null,"pageName":"Hotpot_6130583","sectionCount":5,"status":2}]